First Last,First,Last,Company,Domain
Nicole Coschigano,Nicole,Coschigano,Initials,www.initials-inc.com
Thomas Stohr,Thomas,Stohr,swissbakers,www.swissbakers.com
Abby Henderson,Abby,Henderson,"Sifted, LLC",www.sifted.co
Tracy Hobbs,Tracy,Hobbs,Eleanor,www.eleanor-wine.com
Katherine Danielson,Katherine,Danielson,Zen Monkey LLC,www.zenmonkeybreakfast.com
Leah Harvey,Leah,Harvey,The Maryland Food Bank Inc,www.mdfoodbank.org
David Freeman,David,Freeman,H2Coco Pty Ltd,www.h2coconut.com
Darryl Wyse,Darryl,Wyse,VapeWild Wholesale Inc,www.vapewild.com
Graham Ditchfield,Graham,Ditchfield,Mediterranean Direct,www.mediterraneandirect.co.uk
Steven Smith,Steven,Smith,"Smith Teamaker, LLC",www.smithtea.com
Matt Beaton,Matt,Beaton,Mike's Hot Honey,www.mikeshothoney.com
Ian Jebbitt,Ian,Jebbitt,Gweilo Beer,www.gweilobeer.com
Kristen Kozik,Kristen,Kozik,Copper Kettle Brewing Company,www.copperkettledenver.com
Josh Parkville Coffeehouse,Josh,Coffeehouse,Parkville Coffee,www.parkvillecoffee.com
Wendy Spencer,Wendy,Spencer,"Tastefully Simple, Inc.",www.tastefullysimple.com
Barry Turner,Barry,Turner,Lenny & Larry's,www.lennylarry.com
Ryan Morgan,Ryan,Morgan,Jeni's Splendid Ice Creams LLC,www.jenis.com
Darla Wierszewski,Darla,Wierszewski,"Tastefully Simple, Inc.",www.tastefullysimple.com
Kelsey Toney,Kelsey,Toney,"GoBrands, Inc.",www.gopuff.com
Pieter Nuboer,Pieter,Nuboer,Siam Food Services Limited,www.siamfoodservices.com
