First Last,First,Last,Company,Domain
Gustavo Corrêa,Gustavo,Corrêa,Monin,www.monin.com
Dohrea Bardell,Dohrea,Bardell,BioImmersion,www.bioimmersion.com
Jesper Gutteling,Jesper,Gutteling,24 Ice,www.24ice.com
Andy Horrow,Andy,Horrow,"Protein2o, Inc.",www.drinkprotein2o.com
Matt Yarmey,Matt,Yarmey,Pure Intentions Coffee,www.pureintentionscoffee.com
Marvin Washington,Marvin,Washington,Isodiol International Inc,www.isodiol.com
John Polk,John,Polk,Medmen Enterprises Inc,www.medmen.com
Tisela Marrero,Tisela,Marrero,"Close To My Heart, Inc",www.closetomyheart.com
D.J Cooper,D.J,Cooper,Marquis Beverages,www.drinkmarquis.com
Timothy Virnoche,Timothy,Virnoche,"Badger Popcorn & Concession Supply, Inc.",www.badgerpopcorn.com
Kim Massey,Kim,Massey,NOLA cupcakes,www.nolabakery.com
Dick Nelson,Dick,Nelson,MARCO Promos,www.marcopromos.com
Michael Starke,Michael,Starke,Dineamic,www.dineamic.com.au
Allan Rodd,Allan,Rodd,Uncle Harry's Natural Foods P/L,www.uncleharrys.com.au
Niels Ranum,Niels,Ranum,Dr Smood,www.drsmood.com
Choconat Choconature,Choconat,Choconature,Choconat,www.choconature.com
Oh Nuts,Oh,Nuts,Oh Nuts,www.ohnuts.com
Sam Lee,Sam,Lee,Nutrition Zone,www.nutritionzoneusa.com
Jason Meulman,Jason,Meulman,"BrandVia Alliance, Inc.",www.brandvia.com
Stephen Lee,Stephen,Lee,Kombucha Wonder Drink,www.wonderdrink.com
