First Last,First,Last,Company,Domain
Chad Hankinson,Chad,Hankinson,Outdoor Equipped,www.outdoorequipped.com
Mike Morrison,Mike,Morrison,The Queensboro Shirt Company,www.queensboro.com
Chris Bray,Chris,Bray,"Billykirk, Inc.",www.billykirk.com
Benjamin Esshaghian,Benjamin,Esshaghian,Belldini,www.belldini.com
David Lauterstein,David,Lauterstein,Nasty Pig Incorporated,www.nastypig.com
Harvey Viteychuk,Harvey,Viteychuk,MEE Sports,www.meesports.com
Kenneth Chan,Kenneth,Chan,Tobi,www.tobi.com
Jordan Percy,Jordan,Percy,RAEN Optics.com Inc.,www.raen.com
Jenny Oh,Jenny,Oh,"Project 1920, LLC",www.senreve.com
Joy Lily Stember,Joy,Stember,Joy Stember Metal Arts Studio,www.joystember.com
Randy Goldberg,Randy,Goldberg,Bombas,www.bombas.com
Voda Swim,Voda,Swim,Voda Swim,www.vodaswim.com
Carol Dubeau,Carol,Dubeau,Browning Arms Company,www.browning.com
Sara Marie,Sara,Marie,Shefit Operating LLC,www.shefit.com
Debbe Simmons,Debbe,Simmons,Bicycle Warehouse,www.bicyclewarehouse.com
Derik Landry,Derik,Landry,Inpink,www.inpink.com
Carrie Scharbo,Carrie,Scharbo,"Case-Mate, Inc.",www.case-mate.com
Jimmy Fritz,Jimmy,Fritz,"Wedding Shoppe, Inc.",www.weddingshoppeinc.com
Travis Kennerly Parker,Travis,Parker,Airblaster Llc,www.myairblaster.com
Bobby Hundreds,Bobby,Hundreds,The Hundreds,www.thehundreds.com
