First Last,First,Last,Company,Domain
Mathew Brecher,Mathew,Brecher,Active Health & Wellness Center,www.activehealthcenter.com
Barb Christensen,Barb,Christensen,Christensen Chiropractic,www.balancedspine.com
Warren Anderson,Warren,Anderson,Anderson Chiropractic,www.avonspinedocs.com
Sam Lezon,Sam,Lezon,"Sportworks Active Chiropractic, Llc",www.sportworkschiro.com
Nicholas Doran,Nicholas,Doran,Better Health Solutions,www.drkhayami.com
Jeff Shebovsky,Jeff,Shebovsky,Socc P L,www.orlandochiropractor.com
Rosemarie Jabbour,Rosemarie,Jabbour,New World Chiro,www.newworldchiro.com.au
Jaime Beuerlein,Jaime,Beuerlein,Chiro Nash,www.chironash.com
Chris Miller,Chris,Miller,"Chirosport, Inc.",www.chirosport.us
Jennifer White,Jennifer,White,Swann Chiropractic,www.swannchiropractic.com
Noelle Iadeluca,Noelle,Iadeluca,Iadeluca Chiropractic,www.eriechiropractic.com
Lawrence Dodd,Lawrence,Dodd,"Team Chiropractic & Sports Medicine, Pa",www.teamchiro.com
Matt Short,Matt,Short,LIFE Chiropractic,www.lifechiropractic.co.uk
Thomas Pellatt,Thomas,Pellatt,ChiroElite,www.chiro-elite.com
Vicki Koebernick,Vicki,Koebernick,"Natural Health Chiropractic, L.L.C.",www.naturalhealthchiro.com
Bernie Miller,Bernie,Miller,Performance Chiropractic,www.performancechiropractic.com
Tim Yoder,Tim,Yoder,Yoder Chiropractic Center P.S.,www.yoderchiropracticcenter.com
Sarah Dumas,Sarah,Dumas,Well Balanced Chiropractic,www.wellbalancedchiropractic.com
Bob Briggs,Bob,Briggs,Chiropractic Wellness Center,www.phoenixchiropracticwellness.com
Fred Clarke,Fred,Clarke,LIFE Chiropractic,www.lifechiropractic.co.uk
