First Last,First,Last,Company,Domain
Scott Dickson,Scott,Dickson,"Dicksons, Inc.",www.dicksonsgifts.com
Benson Liu,Benson,Liu,Tossware,www.tossware.com
Jason Dewberry,Jason,Dewberry,Ancient Nutrition,www.ancientnutrition.com
Hank Margolis,Hank,Margolis,"Zevia, LLC",www.zevia.com
Rachel Geicke,Rachel,Geicke,Snow Monkey,www.snow-monkey.com
Alison Groom,Alison,Groom,Frios Gourmet Pops,www.friospops.com
Kerry Hayes,Kerry,Hayes,Initials,www.initials-inc.com
Paul Shepherd,Paul,Shepherd,MuscleEgg,www.muscleegg.com
Randy Arnold,Randy,Arnold,American Tea Room,www.americantearoom.com
Jenny Vierling,Jenny,Vierling,"J Vierling & Associates, Llc",www.tailwindnutrition.com
Jonathan Charak,Jonathan,Charak,Canna-Hub,www.canna-hub.com
Roy Krebs,Roy,Krebs,Natural Stacks,www.naturalstacks.com
Jonathan Colby Shapiro,Jonathan,Shapiro,WorkPerks,www.workperks.co
Denis Ring,Denis,Ring,Five Star Organics LLC,www.ochocandy.com
Kathleen Gray,Kathleen,Gray,Initials,www.initials-inc.com
Chris Crandall,Chris,Crandall,"Powell & Mahoney, Ltd.",www.powellandmahoney.com
Nirmal Yogi,Nirmal,Yogi,Nariveda,www.nariveda.com
Rebecca Samrow,Rebecca,Samrow,Initials,www.initials-inc.com
Jeff Martin,Jeff,Martin,Pipsnacks LLC,www.pipsnacks.com
Heidi Engel Swiatek,Heidi,Swiatek,"Tastefully Simple, Inc.",www.tastefullysimple.com
